Guest_Id,First_Name,Last_Name,Phone,Vehicle_License_Plate,Email,Id_State,Id_Number,Street_Address,City,Zip_Code,State
1,Tom,Joad,1234569865,6dhe866,tom@gmail.com,CA,64649,387 Pine St,Fresno,16873,CA
2,Emily,Mack,3819835495,3jdk953,emily@gmail.com,CA,46821,890 Acorn Way,San Diego,98735,CA
3,Jason,Jones,3219513462,2dhk984,jason@gmail.com,CA,64984,2768 Main St,Stanton,21657,CA
4,Sarah,Small,8459846532,1djy943,sarah@gmail.com,AZ,93579,279 Harbor Blvd,Phoenix,26158,AZ
5,Hank,Wilson,6795321679,7lgi931,hank@gmail.com,NV,98754,9803 Golden Dr,Las Vegas,36987,NV
